{"assets/audios/favicon.png":["assets/audios/favicon.png"],"assets/fonts/Ubuntu-Medium.ttf":["assets/fonts/Ubuntu-Medium.ttf"],"assets/fonts/Ubuntu-Regular.ttf":["assets/fonts/Ubuntu-Regular.ttf"],"assets/fonts/favicon.png":["assets/fonts/favicon.png"],"assets/images/Faso_(1024_x_1024_px)_(Fond_d’écran_de_téléphone).png":["assets/images/Faso_(1024_x_1024_px)_(Fond_d’écran_de_téléphone).png"],"assets/images/Faso_(1024_x_1024_px)_(Fond_dcran_de_tlphone).png":["assets/images/Faso_(1024_x_1024_px)_(Fond_dcran_de_tlphone).png"],"assets/images/app_launcher_icon.jpg":["assets/images/app_launcher_icon.jpg"],"assets/images/favicon.png":["assets/images/favicon.png"],"assets/images/google-gemini-icon.png":["assets/images/google-gemini-icon.png"],"assets/images/logope-Bkhz1xO0.jpg":["assets/images/logope-Bkhz1xO0.jpg"],"assets/images/logopeg.jpg":["assets/images/logopeg.jpg"],"assets/images/peg.png":["assets/images/peg.png"],"assets/jsons/favicon.png":["assets/jsons/favicon.png"],"assets/pdfs/favicon.png":["assets/pdfs/favicon.png"],"assets/rive_animations/favicon.png":["assets/rive_animations/favicon.png"],"assets/videos/favicon.png":["assets/videos/favicon.png"],"packages/cupertino_icons/assets/CupertinoIcons.ttf":["packages/cupertino_icons/assets/CupertinoIcons.ttf"],"packages/font_awesome_flutter/lib/fonts/fa-brands-400.ttf":["packages/font_awesome_flutter/lib/fonts/fa-brands-400.ttf"],"packages/font_awesome_flutter/lib/fonts/fa-regular-400.ttf":["packages/font_awesome_flutter/lib/fonts/fa-regular-400.ttf"],"packages/font_awesome_flutter/lib/fonts/fa-solid-900.ttf":["packages/font_awesome_flutter/lib/fonts/fa-solid-900.ttf"]}